ESG Factor Category,ESG Factors
AMF Doctrine,['60400_French_AMF_Doctrine_Approach']
Adult entertainment,"['50100_Financial_Instrument_Pornography_Adult_Entertainment_Services_Exclusion'
 '50110_Financial_Instrument_Pornography_Adult_Entertainment_Services_Exclusion_Threshold_Type'
 '50120_Financial_Instrument_Pornography_Adult_Entertainment_Services_Exclusion_Relative_Threshold'
 '50130_Financial_Instrument_Pornography_Adult_Entertainment_Services_Part_Of_Value_Chain']"
Alcohol,"['50200_Financial_Instrument_Alcohol_Exclusion'
 '50210_Financial_Instrument_Alcohol_Exclusion_Threshold_Type'
 '50220_Financial_Instrument_Alcohol_Exclusion_Relative_Threshold'
 '50230_Financial_Instrument_Alcohol_Exclusion_Part_Of_Value_Chain']"
Animal_Testing,"['50300_Financial_Instrument_Animal_Testing_Exclusion'
 '50310_Financial_Instrument_Animal_Testing_Exclusion_Threshold_Type'
 '50320_Financial_Instrument_Animal_Testing_Exclusion_Relative_Threshold'
 '50330_Financial_Instrument_Animal_Testing_Exclusion_Part_Of_Value_Chain']"
Anti-corruption and anti-bribery,"['33080_Exposure_To_companies_With_A_Lack_Of_Anti_Corruption_And_Anti_Bribery_Policies_Value'
 '33090_Exposure_To_companies_With_A_Lack_Of_Anti_Corruption_And_Anti-Bribery_Policies_Considered_In_The_Investment_Strategy'
 '33100_Exposure_To_companies_With_A_Lack_Of_Anti_Corruption_And_Anti_Bribery_Policies_Coverage'
 '33110_Exposure_To_companies_With_A_Lack_Of_Anti_Corruption_And_Anti_Bribery_Policies_Eligible_Assets'
 '33120_Exposure_To_Companies_With_Cases_Of_Insufficient_Action_Taken_To_Address_Breaches_Of_Standards_Of_Anti_Corruption_And_Anti_Bribery_Value'
 '33130_Exposure_To_Companies_With_Cases_Of_Insufficient_Action_Taken_To_Address_Breaches_Of_....._In_The_Investment_Strategy'
 '33140_Exposure_To_Companies_With_Cases_Of_Insufficient_Action_Taken_To_Address_Breaches_Of_Standards_Of_Anti_Corruption_And_Anti_Bribery_Coverage'
 '33145_Exposure_To_Companies_With_Cases_Of_Insufficient_Action_Taken_To_Address_Breaches_Of_....._Eligible_Assets'
 '33150_Number_Of_Convictions_For_Violation_Of_Anti_Corruption_And_Anti_Bribery_Laws_Value'
 '33160_Number_Of_Convictions_For_Violation_Of_Anti_Corruption_And_Anti_Bribery_Laws_Considered_In_The_Investment_Strategy'
 '33170_Number_Of_Convictions_For_Violation_Of_Anti_Corruption_And_Anti_Bribery_Laws_Coverage'
 '33180_Number_Of_Convictions_For_Violation_Of_Anti_Corruption_And_Anti_Bribery_Laws_Eligible_Assets']"
Biodiversity,"['30860_Activities_Negatively_Affecting_Biodiversity-sensitive_Areas_Value'
 '30870_Activities_Negatively_Affecting_Biodiversity-sensitive_Areas_Considered_In_The_Investment_Strategy'
 '30880_Activities_Negatively_Affecting_Biodiversity-sensitive_Areas_Coverage'
 '30890_Activities_Negatively_Affecting_Biodiversity-sensitive_Areas_Eligible_Assets'
 '32410_Land_Artificialisation_Considered_In_The_Investment_Strategy'
 '32420_Land_Artificialisation_Coverage'
 '32430_Land_Artificialisation_Eligible_Assets'
 '32400_Land_Artificialisation_Value']"
Cannabis,"['50400_Financial_Instrument_Cannabis_Exclusion'
 '50410_Financial_Instrument_Cannabis_Exclusion_Threshold_Type'
 '50420_Financial_Instrument_Cannabis_Exclusion_Relative_Threshold'
 '50430_Financial_Instrument_Cannabis_Exclusion_Part_Of_Value_Chain']"
Carbon Emissions & Paris Agreement,"['20570_Financial_Instrument_With_Objective_Of_A_Reduction_In_Carbon_Emissions'
 '20580_Financial_Instrument_Aligned_With_Paris_Agreement']"
Coal,"['50600_Financial_Instrument_Coal_Exclusion'
 '50610_Financial_Instrument_Coal_Threshold_Type'
 '50620_Financial_Instrument_Coal_Relative_Threshold'
 '50630_Financial_Instrument_Coal_Part_Of_Value_Chain'
 '50660_Financial_Instrument_Coal_New_Infrastructure'
 '50640_Financial_Instrument_Coal_Energy_Mix_Absolute_Cap'
 '50650_Financial_Instrument_Coal_Energy_Mix_Relative_Cap']"
Conventional weapons,"['50500_Financial_Instrument_Conventional_Weapons_Exclusion'
 '50510_Financial_Instrument_Conventional_Weapons_Exclusion_Threshold_Type'
 '50520_Financial_Instrument_Conventional_Weapons_Exclusion_Relative_Threshold'
 '50530_Financial_Instrument_Conventional_Weapons_Exclusion_Part_Of_Value_Chain']"
EET Data Set Information,"['00010_EET_Version' '00060_EET_Data_Reporting_SFDR_Pre_Contractual'
 '00070_EET_Data_Reporting_SFDR_Periodic'
 '00080_EET_Data_Reporting_SFDR_Entity_Level'
 '00090_EET_Data_Reporting_MiFID' '00100_EET_Data_Reporting_IDD'
 '70010_Financial_Instrument_Total_Fund_AUM_Or_Notional'
 '30010_PAI_Reference_Date']"
ESG thematic investing description,"['20260_Financial_Instrument_ESG_Existing_Thematic_Characteristics'
 '20270-D_Financial_Instrument_Environmental_Thematic_Characteristics - water and land'
 '20270-E_Financial_Instrument_Environmental_Thematic_Characteristics - waste'
 '20270-G_Financial_Instrument_Environmental_Thematic_Characteristics - biodiversity'
 '20270-H_Financial_Instrument_Environmental_Thematic_Characteristics - circular economy'
 '20270-I_Financial_Instrument_Environmental_Thematic_Characteristics - environment other'
 '20280-D_Financial_Instrument_Social_Thematic_Characteristics - labour relations'
 '20280-G_Financial_Instrument_Social_Thematic_Characteristics - social other'
 '20270-J_Financial_Instrument_Environmental_Thematic_Characteristics - none'
 '20280-H_Financial_Instrument_Social_Thematic_Characteristics - none'
 '20290-F_Financial_Instrument_Governance_Thematic_Characteristics - none'
 '20300-R_Financial_Instrument_Alignment_With_Sustainable_Development_Goals - None'
 '20270-F_Financial_Instrument_Environmental_Thematic_Characteristics - greenhouse gas emissions'
 '20280-B_Financial_Instrument_Social_Thematic_Characteristics - social cohesion'
 '20290-B_Financial_Instrument_Governance_Thematic_Characteristics - employee relations'
 '20290-C_Financial_Instrument_Governance_Thematic_Characteristics - remuneration of staff'
 '20290-E_Financial_Instrument_Governance_Thematic_Characteristics - governance other'
 '20290-A_Financial_Instrument_Governance_Thematic_Characteristics - sound management structures'
 '20290-D_Financial_Instrument_Governance_Thematic_Characteristics - tax compliance'
 '20270-B_Financial_Instrument_Environmental_Thematic_Characteristics - renewable energy'
 '20270-C_Financial_Instrument_Environmental_Thematic_Characteristics - raw materials'
 '20300-F_Financial_Instrument_Alignment_With_Sustainable_Development_Goals - Clean Water and Sanitaion'
 '20300-G_Financial_Instrument_Alignment_With_Sustainable_Development_Goals - Affordable and Clean Energy'
 '20300-I_Financial_Instrument_Alignment_With_Sustainable_Development_Goals - Industry, Innovation and Infrastructure'
 '20300-K_Financial_Instrument_Alignment_With_Sustainable_Development_Goals - Sustainable Cities and Communities'
 '20300-L_Financial_Instrument_Alignment_With_Sustainable_Development_Goals - Responsible Consumption and Production'
 '20300-M_Financial_Instrument_Alignment_With_Sustainable_Development_Goals - Climate Action'
 '20300-N_Financial_Instrument_Alignment_With_Sustainable_Development_Goals - Life Below Water'
 '20300-O_Financial_Instrument_Alignment_With_Sustainable_Development_Goals - Life on Land'
 '20280-C_Financial_Instrument_Social_Thematic_Characteristics - social integration'
 '20300-J_Financial_Instrument_Alignment_With_Sustainable_Development_Goals - Reduced Inequality'
 '20280-A_Financial_Instrument_Social_Thematic_Characteristics - inequality'
 '20300-P_Financial_Instrument_Alignment_With_Sustainable_Development_Goals - Peace and Justice, Strong Institutions'
 '20300-A_Financial_Instrument_Alignment_With_Sustainable_Development_Goals - No Poverty'
 '20300-B_Financial_Instrument_Alignment_With_Sustainable_Development_Goals - Zero Hunger'
 '20300-C_Financial_Instrument_Alignment_With_Sustainable_Development_Goals - Good Health and Well-Being'
 '20300-D_Financial_Instrument_Alignment_With_Sustainable_Development_Goals - Quality Education'
 '20300-E_Financial_Instrument_Alignment_With_Sustainable_Development_Goals - Gender Equality'
 '20300-H_Financial_Instrument_Alignment_With_Sustainable_Development_Goals - Decent Work and Economic Growth'
 '20300-Q_Financial_Instrument_Alignment_With_Sustainable_Development_Goals - Partnerships to achive to Goal']"
Energy Performance,"['31530_Breakdown_Of_Energy_Consumption_By_Type_Of_Non-renewable_Sources_Of_Energy_Oil_Considered_In_The_Investment_Strategy'
 '31540_Breakdown_Of_Energy_Consumption_By_Type_Of_Non-renewable_Sources_Of_Energy_Oil_Coverage'
 '31550_Breakdown_Of_Energy_Consumption_By_Type_Of_Non-renewable_Sources_Of_Energy_Oil_Eligible_Assets'
 '31560_Breakdown_Of_Energy_Consumption_By_Type_Of_Non-renewable_Sources_Of_Energy_Natural_Gas_Value'
 '31570_Breakdown_Of_Energy_Consumption_By_Type_Of_Non-renewable_Sources_Of_Energy_Natural_Gas_Considered_In_The_Investment_Strategy'
 '31580_Breakdown_Of_Energy_Consumption_By_Type_Of_Non-renewable_Sources_Of_Energy_Natural_Gas_Coverage'
 '31590_Breakdown_Of_Energy_Consumption_By_Type_Of_Non-renewable_Sources_Of_Energy_Natural_Gas_Eligible_Assets'
 '31600_Breakdown_Of_Energy_Consumption_By_Type_Of_Non-renewable_Sources_Of_Energy_Coal_Value'
 '31610_Breakdown_Of_Energy_Consumption_By_Type_Of_Non-renewable_Sources_Of_Energy_Coal_Considered_In_The_Investment_Strategy'
 '31620_Breakdown_Of_Energy_Consumption_By_Type_Of_Non-renewable_Sources_Of_Energy_Coal_Coverage'
 '31630_Breakdown_Of_Energy_Consumption_By_Type_Of_Non-renewable_Sources_Of_Energy_Coal_Eligible_Assets'
 '31520_Breakdown_Of_Energy_Consumption_By_Type_Of_Non-renewable_Sources_Of_Energy_Oil_Value']"
Energy consumption,"['32290_Energy_Consumption_Intensity_Considered_In_The_Investment_Strategy'
 '32300_Energy_Consumption_Intensity_Coverage'
 '32310_Energy_Consumption_Intensity_Eligible_Assets'
 '32280_Energy_Consumption_Intensity_Value']"
Energy efficiency,"['31370_Emissions_Of_Inorganic_Pollutants_Value'
 '31380_Emissions_Of_Inorganic_Pollutants_Considered_In_The_Investment_Strategy'
 '31390_Emissions_Of_Inorganic_Pollutants_Coverage'
 '31400_Emissions_Of_Inorganic_Pollutants_Eligible_Assets'
 '31410_Emissions_Of_Air_Pollutants_Value'
 '31420_Emissions_Of_Air_Pollutants_Considered_In_The_Investment_Strategy'
 '31430_Emissions_Of_Air_Pollutants_Coverage'
 '31440_Emissions_Of_Air_Pollutants_Eligible_Assets'
 '31460_Emissions_Of_Ozone_Depletion_Substances_Considered_In_The_Investment_Strategy'
 '31470_Emissions_Of_Ozone_Depletion_Substances_Coverage'
 '31480_Emissions_Of_Ozone_Depletion_Substances_Eligible_Assets'
 '31490_Investing_In_Companies_Without_Carbon_Emission_Reduction_Initiatives_Investment_Weight_Value'
 '31500_Investing_In_Companies_Without_Carbon_Emission_Reduction_Initiatives_Investment_Weight_Considered_In_The_Investment_Strategy'
 '31505_Investing_In_Companies_Without_Carbon_Emission_Reduction_Initiatives_Investment_Weight_Coverage'
 '31510_Investing_In_Companies_Without_Carbon_Emission_Reduction_Initiatives_Investment_Weight_Eligible_Assets'
 '31340_Exposure_To_Energy-inefficient_Real_Estate_Assets_Considered_In_The_Investment_Strategy'
 '31450_Emissions_Of_Ozone_Depletion_Substances_Value'
 '31330_Exposure_To_Energy-inefficient_Real_Estate_Assets_Value'
 '31350_Exposure_To_Energy-inefficient_Real_Estate_Assets_Coverage'
 '31360_Exposure_To_Energy-inefficient_Real_Estate_Assets_Eligible_Assets']"
Environmental,"['31170_GHG_Intensity_Value'
 '31180_GHG_Intensity_Considered_In_The_Investment_Strategy'
 '31190_GHG_Intensity_Coverage' '31200_GHG_Intensity_Eligible_Assets']"
FUR,"['50800_Financial_Instrument_FUR_Exclusion'
 '50820_Financial_Instrument_FUR_Exclusion_Relative_Threshold'
 '50810_Financial_Instrument_FUR_Exclusion_Threshold_Type'
 '50830_Financial_Instrument_FUR_Exclusion_Part_Of_Value_Chain']"
Factory_Farming,"['50700_Financial_Instrument_Factory_Farming_Exclusion'
 '50710_Financial_Instrument_Factory_Farming_Exclusion_Threshold_Type'
 '50720_Financial_Instrument_Factory_Farming_Exclusion_Relative_Threshold'
 '50730_Financial_Instrument_Factory_Farming_Exclusion_Part_Of_Value_Chain']"
Financial_Instrument ESG Benchmark,['20370_Financial_Instrument_Has_A_Reference_ESG_Benchmark']
Financial_Instrument ESG and Engagement Coverage (Corporate and sovereign),"['20310_Financial_Instrument_Weight_Of_Eligible_Issuers'
 '20320_Financial_Instrument_Number_Of_Eligible_Issuers'
 '20330_Financial_Instrument_Weight_Of_ESG_Covered_Issuers'
 '20340_Financial_Instrument_Number_Of_ESG_Covered_Issuers'
 '20350_Financial_Instrument_Weight_Of_Engaged_Issuers'
 '20360_Financial_Instrument_Number_Of_Engaged_Issuers']"
Fossil fuels,"['31300_Exposure_To_Fossil_Fuels_Extraction_Storage_Transport_Manufacture_Considered_In_The_Investment_Strategy'
 '31310_Exposure_To_Fossil_Fuels_Extraction_Storage_Transport_Manufacture_Coverage'
 '31320_Exposure_To_Fossil_Fuels_Extraction_Storage_Transport_Manufacture_Eligible_Assets'
 '31290_Exposure_To_Fossil_Fuels_Extraction_Storage_Transport_Manufacture_Value']"
French MiFID Market,"['60410-F_Financial_Instrument_Environmental_Topic_Or_Considered_Indicators_For_French_MiFID_Market - none'
 '60420-D_Financial_Instrument_Social_Topic_Or_Considered_Indicators_For_French_MiFID_Market - none'
 '60430-C_Financial_Instrument_Governance_Topic_Or_Considered_Indicators_For_French_MiFID_Market - none'
 '60410-A_Financial_Instrument_Environmental_Topic_Or_Considered_Indicators_For_French_MiFID_Market - Transition to low carbon economy'
 '60420-A_Financial_Instrument_Social_Topic_Or_Considered_Indicators_For_French_MiFID_Market - Social & human rights'
 '60410-B_Financial_Instrument_Environmental_Topic_Or_Considered_Indicators_For_French_MiFID_Market - Natural resources preservation or consumption'
 '60420-B_Financial_Instrument_Social_Topic_Or_Considered_Indicators_For_French_MiFID_Market - labour relations'
 '60430-A_Financial_Instrument_Governance_Topic_Or_Considered_Indicators_For_French_MiFID_Market - anti bribery & corruption'
 '60430-B_Financial_Instrument_Governance_Topic_Or_Considered_Indicators_For_French_MiFID_Market - governance other'
 '60410-C_Financial_Instrument_Environmental_Topic_Or_Considered_Indicators_For_French_MiFID_Market - Land & Ocean preservation'
 '60410-D_Financial_Instrument_Environmental_Topic_Or_Considered_Indicators_For_French_MiFID_Market - Waste'
 '60410-E_Financial_Instrument_Environmental_Topic_Or_Considered_Indicators_For_French_MiFID_Market - Biodiversity preservation'
 '60420-C_Financial_Instrument_Social_Topic_Or_Considered_Indicators_For_French_MiFID_Market - investment in human capital (including health)']"
GMO,"['51200_Financial_Instrument_GMO_Exclusion'
 '51210_Financial_Instrument_GMO_Exclusion_Threshold_Type'
 '51220_Financial_Instrument_GMO_Exclusion_Relative_Threshold'
 '51230_Financial_Instrument_GMO_Exclusion_Part_Of_Value_Chain']"
Gambling,"['50900_Financial_Instrument_Gambling_Exclusion'
 '50910_Financial_Instrument_Gambling_Exclusion_Threshold_Type'
 '50920_Financial_Instrument_Gambling_Exclusion_Relative_Threshold'
 '50930_Financial_Instrument_Gambling_Exclusion_Part_Of_Value_Chain']"
Gas,"['51000_Financial_Instrument_Gas_Exclusion'
 '51010_Financial_Instrument_Gas_Threshold_Type'
 '51020_Financial_Instrument_Gas_Relative_Threshold'
 '51030_Financial_Instrument_Gas_Part_Of_Value_Chain'
 '51060_Financial_Instrument_Gas_New_Infrastructure'
 '51050_Financial_Instrument_Gas_Energy_Mix_Relative_Cap']"
Genetic_Engineering,"['51100_Financial_Instrument_Genetic_Engineering_Exclusion'
 '51110_Financial_Instrument_Genetic_Engineering_Exclusion_Threshold_Type'
 '51120_Financial_Instrument_Genetic_Engineering_Exclusion_Relative_Threshold'
 '51130_Financial_Instrument_Genetic_Engineering_Exclusion_Part_Of_Value_Chain']"
German MiFID Market,['60440_Financial_Instrument_Sustainable_Indicators_For_German_MiFID_Market']
Governance,"['33295_Average_Corruption_Score_Value'
 '33300_Average_Corruption_Score_Considered_In_The_Investment_Strategy'
 '33310_Average_Corruption_Score_Coverage'
 '33320_Average_Corruption_Score_Eligible_Assets'
 '33330_Non_Cooperative_Tax_Jurisdictions_Value'
 '33340_Non_Cooperative_Tax_Jurisdictions_Considered_In_The_Investment_Strategy'
 '33350_Non_Cooperative_Tax_Jurisdictions_Coverage'
 '33360_Non_Cooperative_Tax_Jurisdictions_Eligible_Assets'
 '33370_Average_Political_Stability_Score_Value'
 '33380_Average_Political_Stability_Score_Considered_In_The_Investment_Strategy'
 '33390_Average_Political_Stability_Score_Coverage'
 '33400_Average_Political_Stability_Score_Eligible_Assets'
 '33410_Average_Rule_Of_Law_Score_Value'
 '33420_Average_Rule_Of_Law_Score_Considered_In_The_Investment_Strategy'
 '33430_Average_Rule_Of_Law_Score_Coverage'
 '33440_Average_Rule_Of_Law_Score_Eligible_Assets']"
Green securities,"['32010_Share_Of_Securities_Not_Issued_under_Union_legislation_on_environmentally_sustainable_bonds_Considered_In_The_Investment_Strategy'
 '32020_Share_Of_Securities_Not_Issued_under_Union_legislation_on_environmentally_sustainable_bonds_Coverage'
 '32030_Share_Of_Securities_Not_Issued_under_Union_legislation_on_environmentally_sustainable_bonds_Eligible_Assets'
 '32050_Share_Of_Bonds_not_issued_under_Union_legislation_on_environmentally_sustainable_bonds_Considered_In_The_Investment_Strategy'
 '32060_Share_Of_Bonds_not_issued_under_Union_legislation_on_environmentally_sustainable_bonds_Coverage'
 '32070_Share_Of_Bonds_not_issued_under_Union_legislation_on_environmentally_sustainable_bonds_Eligible_Assets'
 '32000_Share_Of_Securities_Not_Issued_under_Union_legislation_on_environmentally_sustainable_bonds'
 '32040_Share_Of_Bonds_not_issued_under_Union_legislation_on_environmentally_sustainable_bonds']"
Greenhouse gas emissions,"['30020_GHG_Emissions_Scope_1_Value'
 '30030_GHG_Emissions_Scope_1_Considered_In_The_Investment_Strategy'
 '30040_GHG_Emissions_Scope_1_Coverage'
 '30050_GHG_Emissions_Scope_1_Eligible_Assets'
 '30060_GHG_Emissions_Scope_2_Value'
 '30070_GHG_Emissions_Scope_2_Considered_In_The_Investment_Strategy'
 '30080_GHG_Emissions_Scope_2_Coverage'
 '30090_GHG_Emissions_Scope_2_Eligible_Assets'
 '30100_GHG_Emissions_Scope_3_Value'
 '30110_GHG_Emissions_Scope_3_Considered_In_The_Investment_Strategy'
 '30120_GHG_Emissions_Scope_3_Coverage'
 '30130_GHG_Emissions_Scope_3_Eligible_Assets'
 '30150_GHG_Emissions_Total_Scope12_Considered_In_The_Investment_Strategy'
 '30180_GHG_Emissions_Total_Scope123_Value'
 '30190_GHG_Emissions_Total_Scope123_Considered_In_The_Investment_Strategy'
 '30200_GHG_Emissions_Total_Scope123_Coverage'
 '30210_GHG_Emissions_Total_Scope123_Eligible_Assets'
 '30230_Carbon_Footprint_Scope12_Considered_In_The_Investment_Strategy'
 '30260_Carbon_Footprint_Scope123_Value'
 '30270_Carbon_Footprint_Scope123_Considered_In_The_Investment_Strategy'
 '30280_Carbon_Footprint_Scope123_Coverage'
 '30290_Carbon_Footprint_Scope123_Eligible_Assets'
 '30310_GHG_Intensity_Of_Investee_Companies_Scope12_Considered_In_The_Investment_Strategy'
 '30340_GHG_Intensity_Of_Investee_Companies_Scope123_Value'
 '30350_GHG_Intensity_Of_Investee_Companies_Scope123_Considered_In_The_Investment_Strategy'
 '30360_GHG_Intensity_Of_Investee_Companies_Scope123_Coverage'
 '30370_GHG_Intensity_Of_Investee_Companies_Scope123_Eligible_Assets'
 '30380_Exposure_To_Companies_Active_In_The_Fossil_Fuel_Sector_Value'
 '30390_Exposure_To_Companies_Active_In_The_Fossil_Fuel_Sector_Considered_In_The_Investment_Strategy'
 '30400_Exposure_To_Companies_Active_In_The_Fossil_Fuel_Sector_Coverage'
 '30410_Exposure_To_Companies_Active_In_The_Fossil_Fuel_Sector_Eligible_Assets'
 '30430_Share_Energy_Consumption_From_Non-Renewable_Sources_Considered_In_The_Investment_Strategy'
 '30470_Share_Energy_Production_From_Non-Renewable_Sources_Considered_In_The_Investment_Strategy'
 '30500_Energy_Consumption_Intensity_Per_High_Impact_Climate_Sector_NACE_A_Value'
 '30510_Energy_Consumption_Intensity_Per_High_Impact_Climate_Sector_NACE_A_Considered_In_The_Investment_Strategy'
 '30520_Energy_Consumption_Intensity_Per_High_Impact_Climate_Sector_NACE_A_Coverage'
 '30530_Energy_Consumption_Intensity_Per_High_Impact_Climate_Sector_NACE_A_Eligible_Assets'
 '30540_Energy_Consumption_Intensity_Per_High_Impact_Climate_Sector_NACE_B_Value'
 '30550_Energy_Consumption_Intensity_Per_High_Impact_Climate_Sector_NACE_B_Considered_In_The_Investment_Strategy'
 '30560_Energy_Consumption_Intensity_Per_High_Impact_Climate_Sector_NACE_B_Coverage'
 '30570_Energy_Consumption_Intensity_Per_High_Impact_Climate_Sector_NACE_B_Eligible_Assets'
 '30580_Energy_Consumption_Intensity_Per_High_Impact_Climate_Sector_NACE_C_Value'
 '30590_Energy_Consumption_Intensity_Per_High_Impact_Climate_Sector_NACE_C_Considered_In_The_Investment_Strategy'
 '30600_Energy_Consumption_Intensity_Per_High_Impact_Climate_Sector_NACE_C_Coverage'
 '30610_Energy_Consumption_Intensity_Per_High_Impact_Climate_Sector_NACE_C_Eligible_Assets'
 '30620_Energy_Consumption_Intensity_Per_High_Impact_Climate_Sector_NACE_D_Value'
 '30630_Energy_Consumption_Intensity_Per_High_Impact_Climate_Sector_NACE_D_Considered_In_The_Investment_Strategy'
 '30640_Energy_Consumption_Intensity_Per_High_Impact_Climate_Sector_NACE_D_Coverage'
 '30650_Energy_Consumption_Intensity_Per_High_Impact_Climate_Sector_NACE_D_Eligible_Assets'
 '30660_Energy_Consumption_Intensity_Per_High_Impact_Climate_Sector_NACE_E_Value'
 '30670_Energy_Consumption_Intensity_Per_High_Impact_Climate_Sector_NACE_E_Considered_In_The_Investment_Strategy'
 '30680_Energy_Consumption_Intensity_Per_High_Impact_Climate_Sector_NACE_E_Coverage'
 '30690_Energy_Consumption_Intensity_Per_High_Impact_Climate_Sector_NACE_E_Eligible_Assets'
 '30700_Energy_Consumption_Intensity_Per_High_Impact_Climate_Sector_NACE_F_Value'
 '30710_Energy_Consumption_Intensity_Per_High_Impact_Climate_Sector_NACE_F_Considered_In_The_Investment_Strategy'
 '30720_Energy_Consumption_Intensity_Per_High_Impact_Climate_Sector_NACE_F_Coverage'
 '30730_Energy_Consumption_Intensity_Per_High_Impact_Climate_Sector_NACE_F_Eligible_Assets'
 '30740_Energy_Consumption_Intensity_Per_High_Impact_Climate_Sector_NACE_G_Value'
 '30750_Energy_Consumption_Intensity_Per_High_Impact_Climate_Sector_NACE_G_Considered_In_The_Investment_Strategy'
 '30760_Energy_Consumption_Intensity_Per_High_Impact_Climate_Sector_NACE_G_Coverage'
 '30770_Energy_Consumption_Intensity_Per_High_Impact_Climate_Sector_NACE_G_Eligible_Assets'
 '30780_Energy_Consumption_Intensity_Per_High_Impact_Climate_Sector_NACE_H_Value'
 '30790_Energy_Consumption_Intensity_Per_High_Impact_Climate_Sector_NACE_H_Considered_In_The_Investment_Strategy'
 '30800_Energy_Consumption_Intensity_Per_High_Impact_Climate_Sector_NACE_H_Coverage'
 '30810_Energy_Consumption_Intensity_Per_High_Impact_Climate_Sector_NACE_H_Eligible_Assets'
 '30820_Energy_Consumption_Intensity_Per_High_Impact_Climate_Sector_NACE_L_Value'
 '30830_Energy_Consumption_Intensity_Per_High_Impact_Climate_Sector_NACE_L_Considered_In_The_Investment_Strategy'
 '30840_Energy_Consumption_Intensity_Per_High_Impact_Climate_Sector_NACE_L_Coverage'
 '30850_Energy_Consumption_Intensity_Per_High_Impact_Climate_Sector_NACE_L_Eligible_Assets'
 '32090_GHG_Emissions_Real_Estate_Scope_1_Considered_In_The_Investment_Strategy'
 '32100_GHG_Emissions_Real_Estate_Scope_1_Year_N_Coverage'
 '32110_GHG_Emissions_Real_Estate_Scope_1_Eligible_Assets'
 '32130_GHG_Emissions_Real_Estate_Scope_2_Considered_In_The_Investment_Strategy'
 '32140_GHG_Emissions_Real_Estate_Scope_2_Year_N_Coverage'
 '32150_GHG_Emissions_Real_Estate_Scope_2_Eligible_Assets'
 '32170_GHG_Emissions_Real_Estate_Scope_3_Considered_In_The_Investment_Strategy'
 '32180_GHG_Emissions_Real_Estate_Scope_3_Year_N_Coverage'
 '32190_GHG_Emissions_Real_Estate_Scope_3_Eligible_Assets'
 '32210_GHG_Emissions_Real_Estate_Total_Scope12_Considered_In_The_Investment_Strategy'
 '32250_GHG_Emissions_Real_Estate_Total_Scope123_Considered_In_The_Investment_Strategy'
 '32260_GHG_Emissions_Real_Estate_Total_Scope123_Coverage'
 '32270_GHG_Emissions_Real_Estate_Total_Scope123_Eligible_Assets'
 '30160_GHG_Emissions_Total_Scope12_Coverage'
 '30170_GHG_Emissions_Total_Scope12_Eligible_Assets'
 '30220_Carbon_Footprint_Scope12_Value'
 '30240_Carbon_Footprint_Scope12_Coverage'
 '30250_Carbon_Footprint_Scope12_Eligible_Assets'
 '30320_GHG_Intensity_Of_Investee_Companies_Scope12_Coverage'
 '30330_GHG_Intensity_Of_Investee_Companies_Scope12_Eligible_Assets'
 '30440_Share_Energy_Consumption_From_Non-Renewable_Sources_Coverage'
 '30450_Share_Energy_Consumption_From_Non-Renewable_Sources_Eligible_Assets'
 '30480_Share_Energy_Production_From_Non-Renewable_Sources_Coverage'
 '30490_Share_Energy_Production_From_Non-Renewable_Sources_Eligible_Assets'
 '30140_GHG_Emissions_Total_Scope12_Value'
 '30300_GHG_Intensity_Of_Investee_Companies_Scope12_Value'
 '30420_Share_Energy_Consumption_From_Non-Renewable_Sources_Value'
 '30460_Share_Energy_Production_From_Non-Renewable_Sources_Value'
 '32220_GHG_Emissions_Real_Estate_Total_Scope12_Coverage'
 '32230_GHG_Emissions_Real_Estate_Total_Scope12_Eligible_Assets'
 '32080_GHG_Emissions_Real_Estate_Scope_1_Value'
 '32120_GHG_Emissions_Real_Estate_Scope_2_Value'
 '32160_GHG_Emissions_Real_Estate_Scope_3_Value'
 '32200_GHG_Emissions_Real_Estate_Total_Scope12_Value'
 '32240_GHG_Emissions_Real_Estate_Total_Scope123_Value']"
Human rights,"['32840_Exposure_To_Companies_Without_Human_Right_Policy_Value'
 '32850_Exposure_To_Companies_Without_Human_Right_Policy_Considered_In_The_Investment_Strategy'
 '32860_Exposure_To_Companies_Without_Human_Right_Policy_Coverage'
 '32870_Exposure_To_Companies_Without_Human_Right_Policy_Eligible_Assets'
 '32880_Exposure_To_Companies_With_Lack_Of_Due_Diligence_Value'
 '32890_Exposure_To_Companies_With_Lack_Of_Due_Diligence_Considered_In_The_Investment_Strategy'
 '32900_Exposure_To_Companies_With_Lack_Of_Due_Diligence_Coverage'
 '32910_Exposure_To_Companies_With_Lack_Of_Due_Diligence_Eligible_Assets'
 '32920_Exposure_To_Companies_With_Lack_Of_Processes_And_Measures_For_Preventing_Trafficking_In_Human_Beings_Local_Value'
 '32930_Exposure_To_Companies_With_Lack_Of_Processes_And_Measures_For_Preventing_Trafficking_In_Human_Beings_Local_Considered_In_The_Investment_Strategy'
 '32940_Exposure_To_Companies_With_Lack_Of_Processes_And_Measures_For_Preventing_Trafficking_In_Human_Beings_Local_Coverage'
 '32950_Exposure_To_Companies_With_Lack_Of_Processes_And_Measures_For_Preventing_Trafficking_In_Human_Beings_Local_Eligible_Assets'
 '32960_Exposure_To_Companies_With_Operations_And_Suppliers_At_Significant_Risk_Of_Incidents_Of_Child_Labour_Value'
 '32970_Exposure_To_Companies_With_Operations_And_Suppliers_At_Significant_Risk_Of_Incidents_Of_Child_Labour_Considered_In_The_Investment_Strategy'
 '32980_Exposure_To_Companies_With_Operations_And_Suppliers_At_Significant_Risk_Of_Incidents_Of_Child_Labour_Coverage'
 '32990_Exposure_To_Companies_With_Operations_And_Suppliers_At_Significant_Risk_Of_Incidents_Of_Child_Labour_Eligible_Assets'
 '33000_Exposure_To_Companies_With_Operations_And_Suppliers_At_Significant_Risk_Of_Incidents_Of_Forced_Or_Compulsory_Labour_Value'
 '33010_Exposure_To_Companies_With_Operations_And_Suppliers_At_Significant_Risk_Of_Incidents_Of_Forced_Or_Compulsory_Labour_Considered_In_The_Investment_Strategy'
 '33020_Exposure_To_Companies_With_Operations_And_Suppliers_At_Significant_Risk_Of_Incidents_Of_Forced_Or_Compulsory_Labour_Coverage'
 '33030_Exposure_To_Companies_With_Operations_And_Suppliers_At_Significant_Risk_Of_Incidents_Of_Forced_Or_Compulsory_Labour_Eligible_Assets'
 '33040_Number_Of_Identified_Cases_of_Severe_Human_Rights_Issues_And_Incidents_Value'
 '33050_Number_Of_Identified_Cases_of_Severe_Human_Rights_Issues_And_Incidents_Considered_In_The_Investment_Strategy'
 '33060_Number_Of_Identified_Cases_of_Severe_Human_Rights_Issues_And_Incidents_Coverage'
 '33070_Number_Of_Identified_Cases_of_Severe_Human_Rights_Issues_And_Incidents_Eligible_Assets'
 '33265_Average_Human_Rights_Performance_Value'
 '33270_Average_Human_Rights_Performance_Considered_In_The_Investment_Strategy'
 '33280_Average_Human_Rights_Performance_Coverage'
 '33290_Average_Human_Rights_Performance_Eligible_Assets']"
Last reported Sustainable investment and taxonomy assets allocation breakdown,"['20490_Financial_Instrument_EU_SFDR_Last_Reported_Investments_With_Environmental_Or_Social_Characteristics'
 '20500_Financial_Instrument_EU_SFDR_Last_Reported_Investments_Not_Sustainable_Other'
 '20510_Financial_Instrument_EU_SFDR_Last_Reported_Investments_Are_Sustainable_Investments'
 '20520_Financial_Instrument_EU_SFDR_Last_Reported_Other_Investments_With_Environmental_Or_Social_Characteristics'
 '20530_Financial_Instrument_EU_SFDR_Last_Reported_Investments_Are_Sustainable_Investments_Environmental'
 '20540_Financial_Instrument_EU_SFDR_Last_Reported_Investments_Are_Sustainable_Investments_Taxonomy_Aligned'
 '20550_Financial_Instrument_EU_SFDR_Last_Reported_Investments_Are_Sustainable_Investments_Other_Environmental'
 '20560_Financial_Instrument_EU_SFDR_Last_Reported_Investments_Are_Sustainable_Investments_Social'
 '20480_Financial_Instrument_Last_Reported_Asset_Allocation_Date']"
Main criterias used for a first screening of ESG related products,"['20040_Financial_Instrument_SFDR_Product_Type'
 '20050_Financial_Instrument_SFDR_Product_Type_Eligible'
 '20080_Financial_Instrument_Percentage_Of_Minimum_SFDR_Art_9_Funds'
 '20100_Financial_Instrument_Does_This_Product_Consider_Principle_Adverse_Impact_In_Their_Investment'
 '20070_Financial_Instrument_Percentage_Of_Minimum_SFDR_Art_8_Funds'
 '20060-L_Financial_Instrument_ESG_Label_Or_Standard - Towards Sustainability'
 '20060-K_Financial_Instrument_ESG_Label_Or_Standard - ISR'
 '20090_Financial_Instrument_Main_ESG_Focus'
 '20060-Z_Financial_Instrument_ESG_Label_Or_Standard - Other label'
 '20060-D_Financial_Instrument_ESG_Label_Or_Standard - FNG Siegel (Fonds)'
 '20060-A_Financial_Instrument_ESG_Label_Or_Standard - ICMA Green Bond Principles'
 '20060-F_Financial_Instrument_ESG_Label_Or_Standard - ICMA Social Bonds Principles'
 '20060-J_Financial_Instrument_ESG_Label_Or_Standard - Kein Verstoß gegen Atomwaffensperrvertrag'
 '20060-M_Financial_Instrument_ESG_Label_Or_Standard - UZ49 - das österreichische Umweltzeichen']"
Manufacturer Engagement & Stewardship Activities,"['The UK Stewardship Code, Financial Reporting Council, 2019'
 '12000-I_Manufacturer_Stewardship_Code_Signatory - Japanese, Japanese stewardship code, FSA, 2020'
 '12000-L_Manufacturer_Stewardship_Code_Signatory - Italy, Italian Stewardship Code for the exercise of administrative and voting rights in listed companies'
 '12000-ZZ_Manufacturer_Stewardship_Code_Signatory - Other Stewardship Code'
 'EFAMA Stewardship Code, European Fund and Asset Management Association, 2018'
 '12000-N_Manufacturer_Stewardship_Code_Signatory - Eurosif European Transparency Code'
 '12000-O_Manufacturer_Stewardship_Code_Signatory - France, AFEP-MEDEF Corporate Governance Code'
 'Singapore Stewardship Principles, Stewardship Asia 2016'
 'Dutch Stewardship Code, Eumedion, 2018'
 'US Stewardship Framework for Institutional Investors, The Investor Stewardship Group, 2018'
 '12000-K_Manufacturer_Stewardship_Code_Signatory - Norway, Norwegian Stewarship code, Norwegian Funds and Market Association, 2012'
 'Guidelines for fund management comapnies shareholder engagement']"
Manufacturer commitment to responsible investment,"['11000_Manufacturer_PRI_Or_PRB_Signatory'
 '11011_Manufacturer_PRI_Notation_Percentage'
 '11020_Manufacturer_PRI_Or_PRB_Compliant'
 '11040-B _Manufacturer_Other_Commitments - NAZAMI or NAZAOA'
 '11040-D _Manufacturer_Other_Commitments - Stewardship Code'
 '11040-E _Manufacturer_Other_Commitments - UNGC'
 '11040-A _Manufacturer_Other_Commitments - TCFD'
 '11040-F _Manufacturer_Other_Commitments - Participation to the « Non-Disclosure Campaign » from CDP'
 '11030_Manufacturer_PRI_Or_PRB_Like'
 '11040-C _Manufacturer_Other_Commitments - SBT for FI']"
MiFID Sustainability Preference Flag,"['MiFID Sustainability Preference Flag - A'
 'MiFID Sustainability Preference Flag - B'
 'MiFID Sustainability Preference Flag - C'
 'outstanding pre-contractual documentation warning']"
MiFID/IDD Target Market - Manufacturer angle (from a client perspective),['20590_Does_This_Financial_Instrument_Consider_End_Client_Sustainability_Preferences']
Minimum (or planned) Sustainable investment and taxonomy assets allocation breakdown,"['20400_Financial_Instrument_EU_SFDR_Minimum_Or_Planned_Investments_With_Environmental_Or_Social_Characteristics'
 '20420_Financial_Instrument_EU_SFDR_Minimum_Or_Planned_Investments_Sustainable_Investments'
 '20430_Financial_Instrument_EU_SFDR_Minimum_Or_Planned_Other_Investments_With_Environmental_Or_Social_Characteristics'
 '20440_Financial_Instrument_EU_SFDR_Minimum_Or_Planned_Investments_Sustainable_Investments_Environmental'
 '20450_Financial_Instrument_EU_SFDR_Minimum_Or_Planned_Investments_Sustainable_Investments_Taxonomy_Aligned'
 '20460_Financial_Instrument_EU_SFDR_Minimum_Or_Planned_Investments_Sustainable_Investments_Other_Environmental'
 '20470_Financial_Instrument_EU_SFDR_Minimum_Or_Planned_Investments_Sustainable_Investments_Social'
 '20390_Financial_Instrument_Minimum_Or_Planned_Asset_Allocation_Date'
 '20410-A_Financial_Instrument_EU_SFDR_Methodology_For_Sustainable_Investments_Calculation'
 '20410-R_Financial_Instrument_EU_SFDR_Methodology_For_Sustainable_Investments_Calculation']"
Negative Screening / Exclusions,['40000_Financial_Instrument_Existing_Negative_Screening_Strategy']
Norm based exclusions,"['52200_Financial_Instrument_UNGC_Exclusion'
 '52210_Financial_Instrument_OECD_Guidelines_Exclusion'
 '52220_Financial_Instrument_ILO_Exclusion']"
Nuclear Energy,"['51300_Financial_Instrument_Nuclear_Energy_Exclusion'
 '51310_Financial_Instrument_Nuclear_Energy_Exclusion_Threshold_Type'
 '51320_Financial_Instrument_Nuclear_Energy_Exclusion_Relative_Threshold']"
Nuclear weapons,"['51400_Financial_Instrument_Nuclear_Weapons_Exclusion'
 '51410_Financial_Instrument_Nuclear_Weapons_Exclusion_Threshold_Type'
 '51420_Financial_Instrument_Nuclear_Weapons_Exclusion_Relative_Threshold'
 '51430_Financial_Instrument_Nuclear_Weapons_Exclusion_Part_Of_Value_Chain']"
Oil,"['51500_Financial_Instrument_Oil_Exclusion'
 '51510_Financial_Instrument_Oil_Threshold_Type'
 '51520_Financial_Instrument_Oil_Relative_Threshold'
 '51530_Financial_Instrument_Oil_Part_Of_Value_Chain'
 '51560_Financial_Instrument_Oil_New_Infrastructure'
 '51550_Financial_Instrument_Oil_Energy_Mix_Relative_Cap']"
Other_Fossil_Fuel (i.e. Tar Sands/Sands...),"['51600_Financial_Instrument_Other_Fossil_Fuel_Exclusion'
 '51610_Financial_Instrument_Other_Fossil_Fuel_Threshold_Type'
 '51620_Financial_Instrument_Other_Fossil_Fuel_Relative_Threshold'
 '51630_Financial_Instrument_Other_Fossil_Fuel_Part_Of_Value_Chain'
 '51660_Financial_Instrument_Other_Fossil_Fuel_New_Infrastructure']"
Palm_Oil,"['51700_Financial_Instrument_Palm_Oil_Exclusion'
 '51730_Financial_Instrument_Palm_Oil_Exclusion_Part_Of_Value_Chain'
 '51720_Financial_Instrument_Palm_Oil_Exclusion_Relative_Threshold'
 '51710_Financial_Instrument_Palm_Oil_Exclusion_Threshold_Type']"
Pesticides,"['51800_Financial_Instrument_Pesticides_Exclusion'
 '51810_Financial_Instrument_Pesticides_Exclusion_Threshold_Type'
 '51820_Financial_Instrument_Pesticides_Exclusion_Relative_Threshold'
 '51830_Financial_Instrument_Pesticides_Exclusion_Part_Of_Value_Chain']"
Real Estate screening,"['54000_Financial_Instrument_ESG_Energy_Consumption_Monitoring'
 '54010_Financial_Instrument_ESG_GHG_Emission_Monitoring'
 '54020_Financial_Instrument_ESG_Water_Consumption_Monitoring'
 '54030_Financial_Instrument_ESG_Waste_Financial_Instrument_Monitoring'
 '54040_Financial_Instrument_ESG_Environmental_Health_Monitoring'
 '54050_Financial_Instrument_ESG_Supplier_Monitoring'
 '54060_Financial_Instrument_ESG_Safety_Monitoring'
 '54070_Financial_Instrument_ESG_Biodiversity_Monitoring']"
Research_on_human_embryos,"['51900_Financial_Instrument_Research_On_Human_Embryos_Exclusion'
 '51920_Financial_Instrument_Research_On_Human_Embryos_Exclusion_Relative_Threshold'
 '51910_Financial_Instrument_Research_On_Human_Embryos_Exclusion_Threshold_Type'
 '51930_Financial_Instrument_Research_On_Human_Embryos_Exclusion_Part_Of_Value_Chain']"
Scoping according to SFDR annex template,"['20170_Financial_Instrument_Sustainable_Investments_Art_8'
 '20180_Financial_Instrument_Products_Minimal_Proportion_Of_Sustainable_Investments_Art_8'
 '20190_Financial_Instrument_Sustainable_Investment_EU_Taxonomy_Art_8'
 '20200_Financial_Instrument_Sustainable_Investment_Environmental_Not_EU_Taxonomy_Art_8'
 '20210_Financial_Instrument_Sustainable_Investment_Social_Objective_Art_8'
 '70000_Financial_Instrument_Sustainability_Risk_Is_Deemed_To_Be_Relevant'
 '20220_Financial_Instrument_Minimum_Sustainable_Investment_With_Environmental_Objective_Art_9'
 '20250_Financial_Instrument_Minimum_Sustainable_Investment_Social_Objective_Art_9'
 '20230_Financial_Instrument_Environmentally_Sustainable_Investment_EU_Taxonomy_Art_9'
 '20240_Financial_Instrument_Environmentally_Sustainable_Investment_Not_EU_Taxonomy_Art_9']"
Social,"['31210_Number_Of_Countries_Subject_To_Social_Violations_Value'
 '31220_Number_Of_Countries_Subject_To_Social_Violations_Considered_In_The_Investment_Strategy'
 '31260_Percent_Of_Countries_Subject_To_Social_Violations_Considered_In_The_Investment_Strategy'
 '33190_Average_Income_Inequality_Scope_Value'
 '33200_Average_Income_Inequality_Scope_Considered_In_The_Investment_Strategy'
 '33210_Average_Income_Inequality_Scope_Coverage'
 '33220_Average_Income_Inequality_Scope_Eligible_Assets'
 '33230_Average_Freedom_of_Expression_Score_Value'
 '33240_Average_Freedom_of_Expression_Score_Considered_In_The_Investment_Strategy'
 '33250_Average_Freedom_of_Expression_Score_Coverage'
 '33260_Average_Freedom_of_Expression_Score_Eligible_Assets'
 '31230_Number_Of_Countries_Subject_To_Social_Violations_Coverage'
 '31240_Number_Of_Countries_Subject_To_Social_Violations_Eligible_Assets'
 '31270_Percent_Of_Countries_Subject_To_Social_Violations_Coverage'
 '31280_Percent_Of_Countries_Subject_To_Social_Violations_Eligible_Assets'
 '31250_Percent_Of_Countries_Subject_To_Social_Violations_Value']"
Social and employee matters,"['30980_Share_Of_Companies_Involved_In_Violation_Of_UN_Global_Compact_Principles_And_OECD_Guidelines_For_Multinational_Enterprises_Value'
 '30990_Share_Of_Companies_Involved_In_Violation_Of_UN_Global_Compact_Principles_And_OECD_Guidelines_For_Multinational_Enterprises_Considered_In_The_Investment_Strategy'
 '31000_Share_of_Companies_Involved_in_Violation_of_UN_Global_Compact_principles_and_OECD_Guidelines_for_Multinational_Enterprises_Coverage'
 '31010_Share_Of_Companies_Involved_In_Violation_Of_UN_Global_Compact_Principles_And_OECD_Guidelines_For_Multinational_Enterprises_Eligible_Assets'
 '31020_Share_Of_Companies_Without_Policies_To_Monitor_Compliance_With_UNGCP_And_OECD_Guidelines_For_Multinational_Enterprises_Value'
 '31030_Share_Of_Companies_Without_Policies_To_Monitor_Compliance_With_UNGCP_And_OECD_Guidelines_For_Multinational_Enterprises_Considered_In_The_Investment_Strategy'
 '31040_Share_Of_Companies_Without_Policies_To_Monitor_Compliance_With_UNGCP_And_OECD_Guidelines_For_Multinational_Enterprises_Coverage'
 '31045_Share_of_Companies_Without_Policies_To_Monitor_Compliance_With_UNGCP_And_OECD_Guidelines_For_Multinational_Enterprises_Eligible_Assets'
 '31050_Unadjusted_Gender_Pay_Gap_Value'
 '31060_Unadjusted_Gender_Pay_Gap_Considered_In_The_Investment_Strategy'
 '31070_Unadjusted_Gender_Pay_Gap_Coverage'
 '31080_Unadjusted_Gender_Pay_Gap_Eligible_Assets'
 '31090_Board_Gender_Diversity_Value'
 '31100_Board_Gender_Diversity_Considered_In_The_Investment_Strategy'
 '31110_Board_Gender_Diversity_Coverage'
 '31120_Board_Gender_Diversity_Eligible_Assets'
 '31130_Share_Of_Investments_Involved_In_Controversial_Weapons_Value'
 '31140_Share_Of_Investments_Involved_In_Controversial_Weapons_Considered_In_The_Investment_Strategy'
 '31150_Share_Of_Investments_Involved_In_Controversial_Weapons_Coverage'
 '31160_Share_Of_Investments_Involved_In_Controversial_Weapons_Eligible_Assets'
 '32440_Exposure_To_Companies_Without_Workplace_Accident_Prevention_Policy_Value'
 '32450_Exposure_To_Companies_Without_Workplace_Accident_Prevention_Policy_Considered_In_The_Investment_Strategy'
 '32460_Exposure_To_Companies_Without_Workplace_Accident_Prevention_Policy_Coverage'
 '32470_Exposure_To_Companies_Without_Workplace_Accident_Prevention_Policy_Eligible_Assets'
 '32480_Rate_Of_Accidents_Value'
 '32490_Rate_Of_Accidents_Considered_In_The_Investment_Strategy'
 '32500_Rate_Of_Accidents_Coverage'
 '32510_Rate_Of_Accidents_Eligible_Assets'
 '32520_Number_Of_Days_Lost_For_Injuries_Accidents_Fatalities_Illness_Value'
 '32530_Number_Of_Days_Lost_For_Injuries_Accidents_Fatalities_Illness_Considered_In_The_Investment_Strategy'
 '32540_Number_Of_Days_Lost_For_Injuries_Accidents_Fatalities_Illness_Coverage'
 '32550_Number_Of_Days_Lost_For_Injuries_Accidents_Fatalities_Illness_Assets'
 '32560_Share_Of_Investments_In_Investee_Companies_Without_Any_Supplier_Code_Of_Conduct_Against_....._Value'
 '32570_Share_Of_Investments_In_Investee_Companies_Without_Any_Supplier_Code_Of_Conduct_Against_....._In_The_Investment_Strategy'
 '32580_Share_Of_Investments_In_Investee_Companies_Without_Any_Supplier_Code_Of_Conduct_Against_....._Coverage'
 '32590_Share_Of_Investments_In_Investee_Companies_Without_Any_Supplier_Code_Of_Conduct_Against_....._Eligible_Assets'
 '32640_Share_Of_Investments_In_Investee_Companies_Without_Any_Grievance_Or_Complaints_Handling_Mechanism_Value'
 '32650_Share_Of_Investments_In_Investee_Companies_Without_Any_Grievance_Or_Complaints_Handling_Mechanism_Considered_In_The_Investment_Strategy'
 '32660_Share_Of_Investments_In_Investee_Companies_Without_Any_Grievance_Or_Complaints_Handling_Mechanism_Coverage'
 '32670_Share_Of_Investments_In_Investee_Companies_Without_Any_Grievance_Or_Complaints_Handling_Mechanism_Eligible_Assets'
 '32680_Share_Of_Investee_Companies_With_Insufficient_Whistleblower_Protection_Value'
 '32690_Share_Of_Investee_Companies_With_Insufficient_Whistleblower_Protection_Considered_In_The_Investment_Strategy'
 '32700_Share_Of_Investee_Companies_With_Insufficient_Whistleblower_Protection_Coverage'
 '32710_Share_Of_Investee_Companies_With_Insufficient_Whistleblower_Protection_Eligible_Assets'
 '32720_Number_Of_Incidents_Of_Discrimination_Reported_In_Investee_Companies_Value'
 '32730_Number_Of_Incidents_Of_Discrimination_Reported_In_Investee_Companies_Considered_In_The_Investment_Strategy'
 '32740_Number_Of_Incidents_Of_Discrimination_Reported_In_Investee_Companies_Coverage'
 '32750_Number_Of_Incidents_Of_Discrimination_Reported_In_Investee_Companies_Eligible_Assets'
 '32770_Number_Of_Incidents_Of_Discrimination_Leading_To_Sanctions_In_Investee_Companies_Considered_In_The_Investment_Strategy'
 '32780_Number_Of_Incidents_Of_Discrimination_Leading_To_Sanctions_In_Investee_Companies_Coverage'
 '32790_Number_Of_Incidents_Of_Discrimination_Leading_To_Sanctions_In_Investee_Companies_Eligible_Assets'
 '32800_Excessive_CEO_Pay_Ratio_Value'
 '32810_Excessive_CEO_Pay_Ratio_Considered_In_The_Investment_Strategy'
 '32820_Excessive_CEO_Pay_Ratio_Coverage'
 '32830_Excessive_CEO_Pay_Ratio_Eligible_Assets'
 '32760_Number_Of_Incidents_Of_Discrimination_Leading_To_Sanctions_In_Investee_Companies_Value']"
Sovereign level exclusions,"['53000_Financial_Instrument_Nuclear_Weapons_Exclusion'
 '53010_Financial_Instrument_Non-proliferation_Treaty_Of_Nuclear_Weapons'
 '53020_Financial_Instrument_Qualitative_Exclusion_Of_Countries'
 '53030_Financial_Instrument_Corruption_Exclusion'
 '53040_Financial_Instrument_Death_Sentence_Exclusion'
 '53050_Financial_Instrument_War_Exclusion'
 '53060_Financial_Instrument_Non_Ratification_Of_Paris_Agreement_Exclusion']"
Structured Products Additional Information,"['80010_Use_Of_Derivative_Exposure_In_Taxonomy_And_SFDR_Alignment'
 '80000_Use_Of_Proceeds_Asset_Pooling']"
Supplementary Taxonomy Information - V1.1.1 - Gas and Nuclear,"['90000_Financial_Instrument_Investing_In_EU_Taxonomy_Aligned_Fossil_Gas_Activities'
 '90030_Financial_Instrument_Investing_In_EU_Taxonomy_Aligned_Nuclear_Activities'
 '90020_Financial_Instrument_Minimum_Percentage_Investments_Aligned_EU_Taxonomy_Fossil_Gas_Excl_Sovereign_Bonds'
 '90050_Financial_Instrument_Minimum_Percentage_Investments_Aligned_EU_Taxonomy_Nuclear_Excl_Sovereign_Bonds'
 '90070_Financial_Instrument_Minimum_Percentage_Investments_Aligned_EU_Taxonomy_No_Fossil_Gas_and_Nuclear_Excl_Sovereign_Bonds'
 '90080_Financial_Instrument_Current_Percentage_Investments_Aligned_EU_Taxonomy_Fossil_Gas_Incl_Sovereign_Bonds_Turnover'
 '90090_Financial_Instrument_Current_Percentage_Investments_Aligned_EU_Taxonomy_Fossil_Gas_Excl_Sovereign_Bonds_Turnover'
 '90100_Financial_Instrument_Current_Percentage_Investments_Aligned_EU_Taxonomy_Nuclear_Incl_Sovereign_Bonds_Turnover'
 '90110_Financial_Instrument_Current_Percentage_Investments_Aligned_EU_Taxonomy_Nuclear_Excl_Sovereign_Bonds_Turnover'
 '90120_Financial_Instrument_Current_Percentage_Investments_Aligned_EU_Taxonomy_No_Fossil_Gas_and_Nuclear_Incl_Sovereign_Bonds_Turnover'
 '90130_Financial_Instrument_Current_Percentage_Investments_Aligned_EU_Taxonomy_No_Fossil_Gas_and_Nuclear_Excl_Sovereign_Bonds_Turnover'
 '90140_Financial_Instrument_Current_Percentage_Investments_Aligned_EU_Taxonomy_Fossil_Gas_ Incl_Sovereign_Bonds_Capex'
 '90150_Financial_Instrument_Current_Percentage_Investments_Aligned_EU_Taxonomy_Fossil_Gas_Excl_Sovereign_Bonds_Capex'
 '90160_Financial_Instrument_Current_Percentage_Investments_Aligned_EU_Taxonomy_Nuclear_ Incl_Sovereign_Bonds_Capex'
 '90170_Financial_Instrument_Current_Percentage_Investments_Aligned_EU_Taxonomy_Nuclear_Excl_Sovereign_Bonds_Capex'
 '90180_Financial_Instrument_Current_Percentage_Investments_Aligned_EU_Taxonomy_No_Fossil_Gas_and_Nuclear_ Incl_Sovereign_Bonds_Capex'
 '90190_Financial_Instrument_Current_Percentage_Investments_Aligned_EU_Taxonomy_No_Fossil_Gas_and_Nuclear_Excl_Sovereign_Bonds_Capex'
 '90200_Financial_Instrument_Current_Percentage_Investments_Aligned_EU_Taxonomy_Fossil_Gas_ Incl_Sovereign_Bonds_Opex'
 '90210_Financial_Instrument_Current_Percentage_Investments_Aligned_EU_Taxonomy_Fossil_Gas_Excl_Sovereign_Bonds_Opex'
 '90220_Financial_Instrument_Current_Percentage_Investments_Aligned_EU_Taxonomy_Nuclear_ Incl_Sovereign_Bonds_Opex'
 '90230_Financial_Instrument_Current_Percentage_Investments_Aligned_EU_Taxonomy_Nuclear_Excl_Sovereign_Bonds_Opex'
 '90240_Financial_Instrument_Current_Percentage_Investments_Aligned_EU_Taxonomy_No_Fossil_Gas_and_Nuclear_ Incl_Sovereign_Bonds_Opex'
 '90250_Financial_Instrument_Current_Percentage_Investments_Aligned_EU_Taxonomy_No_Fossil_Gas_and_Nuclear_Excl_Sovereign_Bonds_Opex'
 '90010_Financial_Instrument_Minimum_Percentage_Investments_Aligned_EU_Taxonomy_Fossil_Gas_ Incl_Sovereign_Bonds'
 '90040_Financial_Instrument_Minimum_Percentage_Investments_Aligned_EU_Taxonomy_Nuclear_ Incl_Sovereign_Bonds'
 '90060_Financial_Instrument_Minimum_Percentage_Investments_Aligned_EU_Taxonomy_No_Fossil_Gas_and_Nuclear_ Incl_Sovereign_Bonds']"
Taxonomy aligned investments (for definitions please refer to the RTS),"['20600_Financial_Instrument_Minimum_Percentage_Investments_Aligned_EU_Taxonomy_Incl_Sovereign_Bonds'
 '20610_Financial_Instrument_Minimum_Percentage_Investments_Aligned_EU_Taxonomy_Excl_Sovereign_Bonds'
 '20620_Financial_Instrument_Was_This_Statement_Subject_To_An_External_Review_By_Third_Party'
 '20630_Financial_Instrument_Methodology_Used_For_Alignment_Calculation_With_EU_Taxonomy'
 '20640_Financial_Instrument_Minimum_Share_Of_Transitional_Activities'
 '20650_Financial_Instrument_Minimum_Share_Of_Enabling_Activities'
 '20660_Financial_Instrument_Percentage_Taxonomy_Aligned_Incl_Sovereign_Revenue'
 '20670_Financial_Instrument_Percentage_Taxonomy_Aligned_Incl_Sovereign_Capex'
 '20680_Financial_Instrument_Percentage_Taxonomy_Aligned_Incl_Sovereign_Opex'
 '20690_Financial_Instrument_Percentage_Taxonomy_Aligned_Excl_Sovereign_Revenue'
 '20700_Financial_Instrument_Percentage_Taxonomy_Aligned_Excl_Sovereign_Capex'
 '20710_Financial_Instrument_Percentage_Taxonomy_Aligned_Excl_Sovereign_Opex'
 '20780_Financial_Instrument_Share_Of_Transitional_Activities'
 '20790_Financial_Instrument_Share_Of_Enabling_Activities'
 '20721_Financial_Instrument_Climate_Change_Mitigation_Percentage'
 '20731_Financial_Instrument_Climate_Change_Adaptation_Percentage'
 '20741_Financial_Instrument_Sustainable_Use_And_Protection_Of_Water_And_Marine_Resources_Percentage'
 '20751_Financial_Instrument_Transition_To_A_Circular_Economy_Percentage'
 '20761_Financial_Instrument_Pollution_Prevention_And_Control_Percentage'
 '20771_Financial_Instrument_Protection_And_Restoration_Of_Biodiversity_And_Ecosystems_Percentage']"
Tobacco,"['52000_Financial_Instrument_Tobacco_Exclusion'
 '52010_Financial_Instrument_Tobacco_Exclusion_Threshold_Type'
 '52020_Financial_Instrument_Tobacco_Exclusion_Relative_Threshold'
 '52030_Financial_Instrument_Tobacco_Exclusion_Part_Of_Value_Chain']"
Unconventional / controversial weapons,"['52100_Financial_Instrument_Unconventional_Weapons_Exclusion'
 '52110_Financial_Instrument_Unconventional_Weapons_Exclusion_Threshold_Type'
 '52120_Financial_Instrument_Unconventional_Weapons_Exclusion_Relative_Threshold'
 '52130_Financial_Instrument_Unconventional_Weapons_Exclusion_Part_Of_Value_Chain']"
Waste,"['30940_Hazardous_Waste_Ratio_Value'
 '30950_Hazardous_Waste_Ratio_Considered_In_The_Investment_Strategy'
 '30960_Hazardous_Waste_Ratio_Coverage'
 '30970_Hazardous_Waste_Ratio_Eligible_Assets'
 '32330_Waste_Production_In_Operations_Considered_In_The_Investment_Strategy'
 '32340_Waste_Production_In_Operations_Coverage'
 '32350_Waste_Production_In_Operations_Eligible_Assets'
 '32370_Raw_Material_Consumption_For_New_Construction_And_Major_Renovations_Considered_In_The_Investment_Strategy'
 '32380_Raw_Material_Consumption_For_New_Construction_And_Major_Renovations_Coverage'
 '32390_Raw_Material_Consumption_For_New_Construction_And_Major_Renovations_Eligible_Assets'
 '32320_Waste_Production_In_Operations_Value'
 '32360_Raw_Material_Consumption_For_New_Construction_And_Major_Renovations_Value']"
Water,"['30900_Water_Emissions_Value'
 '30910_Water_Emissions_Considered_In_The_Investment_Strategy'
 '30920_Water_Emissions_Coverage' '30930_Water_Emissions_Eligible_Assets']"
"Water, waste and material emissions","['31640_Water_Usage_And_Recycling_Average_Amount_Value'
 '31650_Water_Usage_And_Recycling_Average_Amount_Considered_In_The_Investment_Strategy'
 '31660_Water_Usage_And_Recycling_Average_Amount_Coverage'
 '31670_Water_Usage_And_Recycling_Average_Amount_Eligible_Assets'
 '31671_Water_Usage_And_Recycling_Average_Percentage_Value'
 '31672_Water_Usage_And_Recycling_Average_Percentage_Considered_In_The_Investment_Strategy'
 '31673_Water_Usage_And_Recycling_Average_Percentage_Coverage'
 '31674_Water_Usage_And_Recycling_Average_Percentage_Eligible_Assets'
 '31680_Investing_In_Companies_Without_Water_Management_Policies_Weight_Value'
 '31690_Investing_In_Companies_Without_Water_Management_Policies_Weight_Considered_In_The_Investment_Strategy'
 '31700_Investing_In_Companies_Without_Water_Management_Policies_Weight_Coverage'
 '31710_Investing_In_Companies_Without_Water_Management_Policies_Weight_Eligible_Assets'
 '31720_Exposure_To_Areas_Of_High_Water_Stress_Value'
 '31730_Exposure_To_Areas_Of_High_Water_Stress_Considered_In_The_Investment_Strategy'
 '31740_Exposure_To_Areas_Of_High_Water_Stress_Coverage'
 '31750_Exposure_To_Areas_Of_High_Water_Stress_Eligible_Assets'
 '31760_Exposure_To_Companies_Producing_Chemicals_Value'
 '31770_Exposure_To_Companies_Producing_Chemical_Considered_In_The_Investment_Strategy'
 '31780_Exposure_To_Companies_Producing_Chemical_Coverage'
 '31790_Exposure_To_Companies_Producing_Chemical_Eligible_Assets'
 '31800_Exposure_To_Companies_Causing_Land_Degradation_Desertification_Or_Soil_Sealing_Value'
 '31810_Exposure_To_Companies_Causing_Land_Degradation_Desertification_Or_Soil_Sealing_Considered_In_The_Investment_Strategy'
 '31820_Exposure_To_Companies_Causing_Land_Degradation_Desertification_Or_Soil_Sealing_Coverage'
 '31830_Exposure_To_Companies_Causing_Land_Degradation_Desertification_Or_Soil_Sealing_Eligible_Assets'
 '31840_Exposure_To_Companies_Without_Sustainable_Land_Or_Agriculture_Practices_Policies_Value'
 '31850_Exposure_To_Companies_Without_Sustainable_Land_Or_Agriculture_Practices_Policies_Considered_In_The_Investment_Strategy'
 '31860_Exposure_To_Companies_Without_Sustainable_Land_Or_Agriculture_Practices_Policies_Coverage'
 '31870_Exposure_To_Companies_Without_Sustainable_Land_Or_Agriculture_Practices_Policies_Eligible_Assets'
 '31871_Share_Of_Investments_In_Companies_Without_Sustainable_Oceans_Or_Seas_Practices_Value'
 '31872_Share_Of_Investments_In_Companies_Without_Sustainable_Oceans_Or_Seas_Practices_Considered_In_The_Investment_Strategy'
 '31873_Share_Of_Investments_In_Companies_Without_Sustainable_Oceans_Or_Seas_Practices_Coverage'
 '31874_Share_Of_Investments_In_Companies_Without_Sustainable_Oceans_Or_Seas_Practices_Eligible_Assets'
 '31875_Non_Recycled_Waste_Ratio_Value'
 '31876_Non_Recycled_Waste_Ratio_Considered_In_The_Investment_Strategy'
 '31877_Non_Recycled_Waste_Ratio_Coverage'
 '31878_Non_Recycled_Waste_Ratio_Eligible_Assets'
 '31880_Share_Of_Investments_In_Investee_Companies_Whose_Operations_Affect_Threatened_Species_Value'
 '31890_Share_Of_Investments_In_Investee_Companies_Whose_Operations_Affect_Threatened_Species_Considered_In_The_Investment_Strategy'
 '31900_Share_Of_Investments_In_Investee_Companies_Whose_Operations_Affect_Threatened_Species_Coverage'
 '31910_Share_Of_Investments_In_Investee_Companies_Whose_Operations_Affect_Threatened_Species_Eligible_Assets'
 '31920_Share_Of_Investments_In_Investee_Companies_Without_A_Biodiversity_Protection_Policy_Covering_Operational_Sites_....._Value'
 '31930_Share_Of_Investments_In_Investee_Companies_Without_A_Biodiversity_Protection_Policy_Covering_Operational_Sites_....._In_The_Investment_Strategy'
 '31940_Share_Of_Investments_In_Investee_Companies_Without_A_Biodiversity_Protection_Policy_Covering_Operational_Sites_....._Coverage'
 '31950_Share_Of_Investments_In_Investee_Companies_Without_A_Biodiversity_Protection_Policy_Covering_Operational_Sites_....._Eligible_Assets'
 '31960_Share_Of_Investee_Companies_Without_Deforestation_Policy_Value'
 '31970_Share_Of_Investee_Companies_Without_Deforestation_Policy_Considered_In_The_Investment_Strategy'
 '31980_Share_Of_Investee_Companies_Without_Deforestation_Policy_Coverage'
 '31990_Share_Of_Investee_Companies_Without_Deforestation_Policy_Eligible_Assets']"
